{"cameraMode":{"drawMode":0,"name":"Shaded","section":"Shading Mode"},"sceneLighting":true,"audioPlay":false,"sceneViewState":{"showFog":true,"showMaterialUpdate":false,"showSkybox":true,"showFlares":true,"showImageEffects":true,"showParticleSystems":true},"in2DMode":false,"pivot":{"x":-21.945701599121095,"y":1.4690561294555665,"z":-1.7012383937835694},"rotation":{"x":0.14032302796840669,"y":-0.6606220602989197,"z":0.12759405374526978,"w":0.7264035940170288},"size":59.291587829589847,"orthographic":false}