{"cameraMode":{"drawMode":0,"name":"Shaded","section":"Shading Mode"},"sceneLighting":false,"audioPlay":false,"sceneViewState":{"showFog":true,"showMaterialUpdate":false,"showSkybox":false,"showFlares":true,"showImageEffects":true,"showParticleSystems":true},"in2DMode":false,"pivot":{"x":2.3115406036376955,"y":0.37753069400787356,"z":1.925462007522583},"rotation":{"x":0.5449329614639282,"y":0.0025115374010056259,"z":-0.0016324389725923539,"w":0.8384775519371033},"size":5.394014835357666,"orthographic":false}