{"cameraMode":{"drawMode":0,"name":"Shaded","section":"Shading Mode"},"sceneLighting":false,"audioPlay":false,"sceneViewState":{"showFog":true,"showMaterialUpdate":false,"showSkybox":false,"showFlares":true,"showImageEffects":true,"showParticleSystems":true},"in2DMode":false,"pivot":{"x":3.703000068664551,"y":0.4838748872280121,"z":2.3297743797302248},"rotation":{"x":0.14032302796840669,"y":-0.6606220602989197,"z":0.12759405374526978,"w":0.7264035940170288},"size":1.6640667915344239,"orthographic":false}